,76E,0,0,1,0,0,,1001,5001,ff,StartDiagnosticSession.Default
,76E,0,0,1,0,0,,1002,5002,ff,StartDiagnosticSession.Programming
,76E,0,0,1,0,0,,1003,5003,ff,StartDiagnosticSession
,76E,0,0,1,0,0,,14FFFFFF,54FFFFFF,ff,ClearDiagnosticInformation.All
,76E,0,0,1,0,0,,1901FF,5901FF,ff,ReadDTCInformation.ReportNumberOfDTCByStatusMask
,76E,16,23,1,0,0,,1902FF,5902FF,ff,DTCStatusAvailabilityMask
,76E,24,39,1,0,0,,1902FF,5902FF,ff,DTCDeviceIdentifier,42822:4WS_ECU;42816:AT_ECU;42820:BCM_ECU;42817:BRAKE_ECU;42804:BSWleftLed;42806:BSWleftStatusLed;42805:BSWrightLed;42807:BSWrightStatusLed;42802:BSWswitchLed;42828:ADAS_ECU;42810:Configuration;42814:DTC PLCSafetyBag;42830:CAMERA_ECU;57665:DTC_MUX_ATCU_A3;57682:DTC_MUX_ADAS_A6;57679:DTC_MUX_BCM_A4;57664:DTC_MUX_ECM_A8;57685:DTC_MUX_EPKB_A1;57689:DTC_MUX_EPS_R4;57707:DTC_MUX_FRCAMERA_A1;57604:DTC_MUX_FWS_R3;57717:DTC_MUX_AVM_A8;57684:DTC_MUX_IVI_A5;57678:DTC_MUX_METER_A3;57691:DTC_MUX_USM_A1;57672:DTC_MUX_VDC_A3;42823:ECM_ECU;42788:ECU;42824:EPBK_ECU;42821:EPS_ECU;42808:Front Sensor Power;42797:FrontBuzzer;42794:FrontInnerLeftSensor;42795:FrontInnerRightSensor;42793:FrontOuterLeftSensor;42796:FrontOuterRightSensor;42798:FrontSideLeftSensor;42799:FrontSideRightSensor;42813:HFP_UPAswitchLed;42809:HFPswitch;42825:IDM_ECU;42832:IVI_ECU;42829:METER_ECU;42803:PSMswitchLed;42831:RADAR_ECU;42811:Rear Sensor Power;42789:RearBuzzer;42785:RearInnerLeftSensor;42786:RearInnerRightSensor;42784:RearOuterLeftSensor;42787:RearOuterRightSensor;42800:RearSideLeftSensor;42801:RearSideRightSensor;42826:STRG_ECU;42818:USM_ECU;42819:UTA_ECU;42833:UTA_ECU_Conf;42827:VDC_ECU;57718:DTC_MUX_IDM_A3
,76E,40,43,1,0,0,,1902FF,5902FF,ff,DTCFailureType.Category,0:General Failure Information;1:General Electrical Failures;2:General Signal Failures;3:FM / PWM Failures;4:System Internal Failures;5:System Programming Failures;6:Algorithm Based Failures;7:Mechanical Failures;8:Bus Signal / Message Failures;9:Component Failures;15:Vehicle manufacturer / System supplier specific
,76E,44,47,1,0,0,,1902FF,5902FF,ff,DTCFailureType.ManufacturerOrSupplier,0:Unused
,76E,48,55,1,0,0,,1902FF,5902FF,ff,StatusOfDTC
,76E,49,49,1,0,0,,1902FF,5902FF,ff,DTCStatus.testNotCompletedThisMonitoringCycle,0:No;1:Yes
,76E,50,50,1,0,0,,1902FF,5902FF,ff,DTCStatus.testFailedSinceLastClear,0:No;1:Yes
,76E,51,51,1,0,0,,1902FF,5902FF,ff,DTCStatus.testNotCompletedSinceLastClear,0:No;1:Yes
,76E,52,52,1,0,0,,1902FF,5902FF,ff,DTCStatus.confirmedDTC,0:No;1:Yes
,76E,53,53,1,0,0,,1902FF,5902FF,ff,DTCStatus.pendingDTC,0:No;1:Yes
,76E,54,54,1,0,0,,1902FF,5902FF,ff,DTCStatus.testFailedThisMonitoringCycle,0:No;1:Yes
,76E,55,55,1,0,0,,1902FF,5902FF,ff,DTCStatus.testFailed,0:No;1:Yes
,76E,16,39,1,0,0,,1904000000FF,5904000000FF,4ff,DTCRecord
,76E,40,47,1,0,0,,1904000000FF,5904000000FF,ff,StatusOfDTC
,76E,16,23,1,0,0,,190A,590A,ff,DTCStatusAvailabilityMask
,76E,24,39,1,0,0,,190A,590A,ff,DTCDeviceIdentifier,42822:4WS_ECU;42816:AT_ECU;42820:BCM_ECU;42817:BRAKE_ECU;42804:BSWleftLed;42806:BSWleftStatusLed;42805:BSWrightLed;42807:BSWrightStatusLed;42802:BSWswitchLed;42828:ADAS_ECU;42810:Configuration;42814:DTC PLCSafetyBag;42830:CAMERA_ECU;57665:DTC_MUX_ATCU_A3;57682:DTC_MUX_ADAS_A6;57679:DTC_MUX_BCM_A4;57664:DTC_MUX_ECM_A8;57685:DTC_MUX_EPKB_A1;57689:DTC_MUX_EPS_R4;57707:DTC_MUX_FRCAMERA_A1;57604:DTC_MUX_FWS_R3;57717:DTC_MUX_AVM_A8;57684:DTC_MUX_IVI_A5;57678:DTC_MUX_METER_A3;57691:DTC_MUX_USM_A1;57672:DTC_MUX_VDC_A3;42823:ECM_ECU;42788:ECU;42824:EPBK_ECU;42821:EPS_ECU;42808:Front Sensor Power;42797:FrontBuzzer;42794:FrontInnerLeftSensor;42795:FrontInnerRightSensor;42793:FrontOuterLeftSensor;42796:FrontOuterRightSensor;42798:FrontSideLeftSensor;42799:FrontSideRightSensor;42813:HFP_UPAswitchLed;42809:HFPswitch;42825:IDM_ECU;42832:IVI_ECU;42829:METER_ECU;42803:PSMswitchLed;42831:RADAR_ECU;42811:Rear Sensor Power;42789:RearBuzzer;42785:RearInnerLeftSensor;42786:RearInnerRightSensor;42784:RearOuterLeftSensor;42787:RearOuterRightSensor;42800:RearSideLeftSensor;42801:RearSideRightSensor;42826:STRG_ECU;42818:USM_ECU;42819:UTA_ECU;42833:UTA_ECU_Conf;42827:VDC_ECU;57718:DTC_MUX_IDM_A3
,76E,40,47,1,0,0,,190A,590A,ff,DTCFailureType,0:Device and failure type ODB codding;1:General Electrical Failure;2:General signal failure;3:FM / PWM Failures;4:System Internal Failures;5:System Programming Failures;6:Algorithm Based Failures;7:Mechanical Failures;8:Bus Signal / Message Failures;9:Component Failures;17:circuit short to ground;18:circuit short to battery;19:circuit open;20:circuit short to ground or open;21:circuit short to battery or open;22:circuit voltage below threshold;23:circuit voltage above threshold;24:circuit current below threshold;25:circuit current above threshold;26:circuit resistance below threshold;27:circuit resistance above threshold;28:circuit voltage out of range;29:circuit current out of range;30:circuit resistance out of range;31:circuit intermittent;33:signal amplitude < minimum;34:signal amplitude > maximum;35:signal stuck low;36:signal stuck high;37:signal shape / waveform failure;38:signal rate of change below threshold;39:signal rate of change above threshold;40:signal bias level OutOfRange/0 adjustment failure;41:signal signal invalid;47:signal erratic;49:no signal;50:signal low time < minimum;51:signal low time > maximum;52:signal high time < minimum;53:signal high time > maximum;54:signal frequency too low;55:signal frequency too high;56:signal frequency incorrect;57:incorrect has too few pulses;58:incorrect has too many pulses;65:general checksum failure;66:general memory failure;67:special memory failure;68:data memory failure;69:program memory failure;70:calibration / parameter memory failure;71:watchdog / safety µC failure;72:supervision software failure;73:internal electronic failure;74:incorrect component installed;75:over temperature;81:not programmed;82:not activated;83:deactivated;84:missing calibration;85:not configured;97:signal calculation failure;98:signal compare failure;99:circuit / component protection time-out;100:signal plausibility failure;101:signal has too few transitions / events;102:signal has too many transitions / events;103:signal incorrect after event;104:event information;113:actuator stuck;114:actuator stuck open;115:actuator stuck closed;116:actuator slipping;117:emergency position not reachable;118:wrong mounting position;119:commanded position not reachable;120:alignment or adjustment incorrect;121:mechanical linkage failure;122:fluid leak or seal failure;123:low fluid level;129:invalid serial data received;130:alive / sequence counter incorrect / not updated;131:value of signal protection calculation incorrect;132:signal below allowable range;133:signal above allowable range;134:signal invalid;135:missing message;136:bus off;143:erratic;145:parametric;146:performance or incorrect operation;147:no operation;148:unexpected operation;149:incorrect assembly;150:component internal failure;151:Component or system operation obstructed / blocked;152:component or system over temperature
,76E,0,0,1,0,0,,1914,5914,ff,ReadDTCInformation.ReportDTCFaultDetectionCounter
,76E,31,31,1,0,0,,222002,622002,ff,cfg.RearDetectionState,0:Off;1:On
,76E,31,31,1,0,0,,222003,622003,ff,cfg.FrontDetectionState,0:Off;1:On
,76E,24,31,1,0,0,,222004,622004,ff,cfg.SwitchMode,0:No switch;1:Not used;2:UPA/FKP Permanent/Temporary (A.16 switch dedicated to UPA/FKP Permanent/Temporary);3:HFP (A.16 switch dedicated to HFP and UPA/FKP activated via Cluster/MMI);4:UPA/FKP Permanent (A.16 switch dedicated to  UPA/FKP Permanent);5:HFPB (A.16 switch dedicated to HFPB and UPA/FKP activated via Cluster/MMI);7:PSM (A.16 switch dedicated to PSM and UPA/FKP activated via Cluster/MMI);8:UPA/FKP Permanent/Temporary + PSM Dedicated switch (A.16 switch dedicated to UPA/FKP Permanent/Temporary and B.10 switch Dedicated to PSM);9:UPA/FKP Permanent + PSM Dedicated switch (A.16 switch dedicated to UPA/FKP Permanent and B.10 switch Dedicated to PSM)
,76E,30,30,1,0,0,,222005,622005,ff,cfg.LEDMode.NoBlinkWhenError,0:Off;1:On
,76E,31,31,1,0,0,,222005,622005,ff,cfg.LEDMode.lightState,0:LED is light when UPA is OFF;1:LED is light when UPA is ON
,76E,24,24,1,0,0,,222006,622006,ff,cfg.SoundConfigurationFlags.ContinuousTone,0:PingPong Rear Front;1:Rear priority
,76E,25,25,1,0,0,,222006,622006,ff,cfg.SoundConfigurationFlags.ErrorBeepCount,0:Every Time Reverse gear engaged;1:Only once in Power ON cycle
,76E,26,26,1,0,0,,222006,622006,ff,cfg.SoundConfigurationFlags.AODBeep,0:No;1:Yes
,76E,27,27,1,0,0,,222006,622006,ff,cfg.SoundConfigurationFlags.RogerBeep,0:No;1:Yes
,76E,28,28,1,0,0,,222006,622006,ff,cfg.SoundConfigurationFlags.ErrorBeep,0:No;1:Yes
,76E,29,29,1,0,0,,222006,622006,ff,cfg.SoundConfigurationFlags.DetectionBeep,0:No;1:Yes
,76E,30,30,1,0,0,,222006,622006,ff,cfg.SoundConfigurationFlags.FrontBuzzer,0:No;1:Yes
,76E,31,31,1,0,0,,222006,622006,ff,cfg.SoundConfigurationFlags.UseBuzzer,0:No;1:Yes
,76E,26,26,1,0,0,,222007,622007,ff,cfg.ConfigurationFlag.UpdateUPAObstacleZoneInAllMode,0:Off;1:On
,76E,28,28,1,0,0,,222007,622007,ff,cfg.ConfigurationFlag.RearObstacleDetection,0:No;1:Yes
,76E,29,29,1,0,0,,222007,622007,ff,cfg.ConfigurationFlag.DepartSwitchOffFunction,0:No;1:Yes
,76E,30,30,1,0,0,,222007,622007,ff,cfg.ConfigurationFlag.CornerSwitchOffFunction,0:No;1:Yes
,76E,24,31,1,0,0,,222008,622008,ff,cfg.BuzzerSoundIndex,1:Level 1;2:Level 2;3:Level 3;4:Level 4;5:Level 5;6:Level 6;7:Level 7 (off)
,76E,24,31,1,0,0,,222009,622009,ff,cfg.RearBuzzerVolume.Level1Volume
,76E,32,39,1,0,0,,222009,622009,ff,cfg.RearBuzzerVolume.Level2Volume
,76E,40,47,1,0,0,,222009,622009,ff,cfg.RearBuzzerVolume.Level3Volume
,76E,48,55,1,0,0,,222009,622009,ff,cfg.RearBuzzerVolume.Level4Volume
,76E,56,63,1,0,0,,222009,622009,ff,cfg.RearBuzzerVolume.Level5Volume
,76E,64,71,1,0,0,,222009,622009,ff,cfg.RearBuzzerVolume.Level6Volume
,76E,72,79,1,0,0,,222009,622009,ff,cfg.RearBuzzerVolume.Level7Volume
,76E,24,31,1,0,0,,22200A,62200A,ff,cfg.BuzzerFrequency.RearDetection,2:800 Hz;3:1000 Hz;4:1200 Hz;5:1500 Hz;6:1800 Hz;7:2000 Hz;8:2500 Hz
,76E,32,39,1,0,0,,22200A,62200A,ff,cfg.BuzzerFrequency.FrontDetection,2:800 Hz;3:1000 Hz;4:1200 Hz;5:1500 Hz;6:1800 Hz;7:2000 Hz;8:2500 Hz
,76E,40,47,1,0,0,,22200A,62200A,ff,cfg.BuzzerFrequency.RogerBeep,2:800 Hz;3:1000 Hz;4:1200 Hz;5:1500 Hz;6:1800 Hz;7:2000 Hz;8:2500 Hz
,76E,48,55,1,0,0,,22200A,62200A,ff,cfg.BuzzerFrequency.ErrorBeep,2:800 Hz;3:1000 Hz;4:1200 Hz;5:1500 Hz;6:1800 Hz;7:2000 Hz;8:2500 Hz
,76E,24,31,1,0,0,,22200B,62200B,ff,cfg.FrontBuzzerVolume.Level1Volume
,76E,32,39,1,0,0,,22200B,62200B,ff,cfg.FrontBuzzerVolume.Level2Volume
,76E,40,47,1,0,0,,22200B,62200B,ff,cfg.FrontBuzzerVolume.Level3Volume
,76E,48,55,1,0,0,,22200B,62200B,ff,cfg.FrontBuzzerVolume.Level4Volume
,76E,56,63,1,0,0,,22200B,62200B,ff,cfg.FrontBuzzerVolume.Level5Volume
,76E,64,71,1,0,0,,22200B,62200B,ff,cfg.FrontBuzzerVolume.Level6Volume
,76E,72,79,1,0,0,,22200B,62200B,ff,cfg.FrontBuzzerVolume.Level7Volume
,76E,24,31,1,0,0,cm,22200D,62200D,ff,cfg.TrailerHookDetectionZone
,76E,24,31,1,0,0,,22200E,62200E,ff,cfg.UPASystemType,0:Rear UPA;1:Rear and Front UPA;2:AVM;3:Rear and Front UPA + FKP;4:Rear UPA + FKP;5:FKP;255:no UPA
,76E,24,31,1,0,0,,22200F,62200F,ff,cfg.NumberOfSensors.RearSensors,0:no rear sensors;108:UPA 4 sensors;130:Side sensors only;238:all 6 rear sensors
,76E,32,39,1,0,0,,22200F,62200F,ff,cfg.NumberOfSensors.FrontSensors,0:no front sensors;108:UPA 4 sensors;130:Side sensors only;238:all 6 front sensors
,76E,24,31,1,0,0,s,222010,622010,ff,cfg.TempoValue
,76E,24,31,1,0,0,km/h,222011,622011,ff,cfg.VehicleSpeedThresholdForAutomaticActivation
,76E,24,31,1,0,0,km/h,222012,622012,ff,cfg.VehicleSpeedThresholdForAutomaticDeactivation
,76E,24,31,.1,0,1,s,222013,622013,ff,cfg.TempoWhenRearGearIsEngaged
,76E,24,31,.1,0,1,s,222014,622014,ff,cgf.TempoForDisplayCarAfterObstacleDisappearing
,76E,24,31,.1,0,1,s,222015,622015,ff,cfg.TempoForTransitionBetweenDifferentTypesOfDisplayCars
,76E,24,31,1,0,0,cm,222016,622016,ff,cfg.HysteresisForTransitionBetweenDifferentColorSquares
,76E,24,31,1,0,0,cm,222017,622017,ff,cfg.RearSensorGeometry.DistanceCentralToExternal
,76E,32,39,1,0,0,cm,222017,622017,ff,cfg.RearSensorGeometry.DistanceCentralToCentral
,76E,40,47,1,0,0,cm,222017,622017,ff,cfg.RearSensorGeometry.OffsetExternal
,76E,48,55,1,0,0,cm,222017,622017,ff,cfg.RearSensorGeometry.OffsetCentral
,76E,24,31,1,0,0,cm,222018,622018,ff,cfg.FrontSensorGeometry.DistanceCentralToExternal
,76E,32,39,1,0,0,cm,222018,622018,ff,cfg.FrontSensorGeometry.DistanceCentralToCentral
,76E,40,47,1,0,0,cm,222018,622018,ff,cfg.FrontSensorGeometry.OffsetExternal
,76E,48,55,1,0,0,cm,222018,622018,ff,cfg.FrontSensorGeometry.OffsetCentral
,76E,24,127,1,0,0,,222019,622019,4ff,cfg.RearInnerSensorThreshold
,76E,24,127,1,0,0,,22201A,62201A,4ff,cfg.RearOuterSensorThreshold
,76E,24,127,1,0,0,,22201B,62201B,4ff,cfg.FrontInnerSensorThreshold
,76E,24,127,1,0,0,,22201C,62201C,4ff,cfg.FrontOuterSensorThreshold
,76E,24,31,1,0,0,cm,22201E,62201E,ff,cfg.DetectionRangeOfRearSensors.ContinuousTone
,76E,32,39,1,0,0,cm,22201E,62201E,ff,cfg.DetectionRangeOfRearSensors.InnerSensorsDiscontinuousTone
,76E,40,47,1,0,0,cm,22201E,62201E,ff,cfg.DetectionRangeOfRearSensors.OuterSensorsDiscontinuousTone
,76E,48,55,1,0,0,cm,22201E,62201E,ff,cfg.DetectionRangeOfRearSensors.InnerSensorsVisualStart
,76E,56,63,1,0,0,cm,22201E,62201E,ff,cfg.DetectionRangeOfRearSensors.OuterSensorsVisualStart
,76E,64,71,1,0,0,cm,22201E,62201E,ff,cfg.DetectionRangeOfRearSensors.InnerSensorsBCPStart
,76E,72,79,1,0,0,cm,22201E,62201E,ff,cfg.DetectionRangeOfRearSensors.OuterSensorsBCPStart
,76E,24,31,1,0,0,cm,22201F,62201F,ff,cfg.DetectionRangeOfFrontSensors.ContinuousTone
,76E,32,39,1,0,0,cm,22201F,62201F,ff,cfg.DetectionRangeOfFrontSensors.InnerSensorsDiscontinuousTone
,76E,40,47,1,0,0,cm,22201F,62201F,ff,cfg.DetectionRangeOfFrontSensors.OuterSensorsDiscontinuousTone
,76E,48,55,1,0,0,cm,22201F,62201F,ff,cfg.DetectionRangeOfFrontSensors.InnerSensorsVisualStart
,76E,56,63,1,0,0,cm,22201F,62201F,ff,cfg.DetectionRangeOfFrontSensors.OuterSensorsVisualStart
,76E,24,31,1,0,0,,222021,622021,ff,cfg.GearMode,0:Reverse Gear input;1:Manual GearBox;2:Automatic GearBox
,76E,28,28,1,0,0,,222022,622022,ff,cfg.AutomaticReactivationScheme.SystemPower,0:No;1:Yes
,76E,29,29,1,0,0,,222022,622022,ff,cfg.AutomaticReactivationScheme.VehicleSpeed,0:No;1:Yes
,76E,30,30,1,0,0,,222022,622022,ff,cfg.AutomaticReactivationScheme.ReverseGear,0:No;1:Yes
,76E,31,31,1,0,0,,222022,622022,ff,cfg.AutomaticReactivationScheme.SwitchShortPush,0:No;1:Yes
,76E,31,31,1,0,0,,222023,622023,ff,cfg.BCPadaptation,0:Off;1:On
,76E,30,30,1,0,0,,22202A,62202A,ff,gcfg.LEDMode.NoBlinkWhenError,0:Off;1:On
,76E,31,31,1,0,0,,22202A,62202A,ff,gcfg.LEDMode.lightState,0:LED is light when UPA is OFF;1:LED is light when UPA is ON
,76E,32,32,1,0,0,,22202A,62202A,ff,gcfg.SoundConfigurationFlags.ContinuousTone,0:PingPong Rear Front;1:Rear priority
,76E,33,33,1,0,0,,22202A,62202A,ff,gcfg.SoundConfigurationFlags.ErrorBeepCount,0:Every Time Reverse gear engaged;1:Only once in Power ON cycle
,76E,34,34,1,0,0,,22202A,62202A,ff,gcfg.SoundConfigurationFlags.AODBeep,0:No;1:Yes
,76E,35,35,1,0,0,,22202A,62202A,ff,gcfg.SoundConfigurationFlags.RogerBeep,0:No;1:Yes
,76E,36,36,1,0,0,,22202A,62202A,ff,gcfg.SoundConfigurationFlags.ErrorBeep,0:No;1:Yes
,76E,37,37,1,0,0,,22202A,62202A,ff,gcfg.SoundConfigurationFlags.DetectionBeep,0:No;1:Yes
,76E,38,38,1,0,0,,22202A,62202A,ff,gcfg.SoundConfigurationFlags.FrontBuzzer,0:No;1:Yes
,76E,39,39,1,0,0,,22202A,62202A,ff,gcfg.SoundConfigurationFlags.UseBuzzer,0:No;1:Yes
,76E,40,47,1,0,0,,22202A,62202A,ff,gcfg.BuzzerSoundIndex,1:Level 1;2:Level 2;3:Level 3;4:Level 4;5:Level 5;6:Level 6;7:Level 7 (off)
,76E,48,55,1,0,0,,22202A,62202A,ff,gcfg.RearBuzzerVolume.Level1Volume
,76E,56,63,1,0,0,,22202A,62202A,ff,gcfg.RearBuzzerVolume.Level2Volume
,76E,64,71,1,0,0,,22202A,62202A,ff,gcfg.RearBuzzerVolume.Level3Volume
,76E,72,79,1,0,0,,22202A,62202A,ff,gcfg.RearBuzzerVolume.Level4Volume
,76E,80,87,1,0,0,,22202A,62202A,ff,gcfg.RearBuzzerVolume.Level5Volume
,76E,88,95,1,0,0,,22202A,62202A,ff,gcfg.RearBuzzerVolume.Level6Volume
,76E,96,103,1,0,0,,22202A,62202A,ff,gcfg.RearBuzzerVolume.Level7Volume
,76E,104,111,1,0,0,,22202A,62202A,ff,gcfg.BuzzerFrequency.RearDetection,2:800 Hz;3:1000 Hz;4:1200 Hz;5:1500 Hz;6:1800 Hz;7:2000 Hz;8:2500 Hz
,76E,112,119,1,0,0,,22202A,62202A,ff,gcfg.BuzzerFrequency.FrontDetection,2:800 Hz;3:1000 Hz;4:1200 Hz;5:1500 Hz;6:1800 Hz;7:2000 Hz;8:2500 Hz
,76E,120,127,1,0,0,,22202A,62202A,ff,gcfg.BuzzerFrequency.RogerBeep,2:800 Hz;3:1000 Hz;4:1200 Hz;5:1500 Hz;6:1800 Hz;7:2000 Hz;8:2500 Hz
,76E,128,135,1,0,0,,22202A,62202A,ff,gcfg.BuzzerFrequency.ErrorBeep,2:800 Hz;3:1000 Hz;4:1200 Hz;5:1500 Hz;6:1800 Hz;7:2000 Hz;8:2500 Hz
,76E,136,143,1,0,0,,22202A,62202A,ff,gcfg.FrontBuzzerVolume.Level1Volume
,76E,144,151,1,0,0,,22202A,62202A,ff,gcfg.FrontBuzzerVolume.Level2Volume
,76E,152,159,1,0,0,,22202A,62202A,ff,gcfg.FrontBuzzerVolume.Level3Volume
,76E,160,167,1,0,0,,22202A,62202A,ff,gcfg.FrontBuzzerVolume.Level4Volume
,76E,168,175,1,0,0,,22202A,62202A,ff,gcfg.FrontBuzzerVolume.Level5Volume
,76E,176,183,1,0,0,,22202A,62202A,ff,gcfg.FrontBuzzerVolume.Level6Volume
,76E,184,191,1,0,0,,22202A,62202A,ff,gcfg.FrontBuzzerVolume.Level7Volume
,76E,192,199,1,0,0,cm,22202A,62202A,ff,gcfg.TrailerHookDetectionZone
,76E,200,207,1,0,0,s,22202A,62202A,ff,gcfg.DisplayInterruptTempo
,76E,215,215,1,0,0,,22202A,62202A,ff,gcfg.DisplayInterrupt,0:No;1:Yes
,76E,218,218,1,0,0,,22202A,62202A,ff,gcfg.ConfigurationFlag.UpdateUPAObstacleZoneInAllMode,0:Off;1:On
,76E,220,220,1,0,0,,22202A,62202A,ff,gcfg.ConfigurationFlag.RearObstacleDetection,0:No;1:Yes
,76E,221,221,1,0,0,,22202A,62202A,ff,gcfg.ConfigurationFlag.DepartSwitchOffFunction,0:No;1:Yes
,76E,222,222,1,0,0,,22202A,62202A,ff,gcfg.ConfigurationFlag.CornerSwitchOffFunction,0:No;1:Yes
,76E,224,231,1,0,0,km/h,22202A,62202A,ff,gcfg.VehicleSpeedThresholdForAutomaticActivation
,76E,232,239,1,0,0,km/h,22202A,62202A,ff,gcfg.VehicleSpeedThresholdForAutomaticDeactivation
,76E,240,247,1,0,0,s,22202A,62202A,ff,gcfg.TempoValue
,76E,248,255,.1,0,1,s,22202A,62202A,ff,gcfg.TempoWhenRearGearIsEngaged
,76E,256,263,.1,0,1,s,22202A,62202A,ff,gcfg.TempoForDisplayCarDisappearAfterObstacleDisappear
,76E,264,271,.1,0,1,s,22202A,62202A,ff,gcfg.TempoForTransitionBetweenDifferentTypesOfDisplayCars
,76E,272,279,.1,0,1,s,22202A,62202A,ff,gcfg.TempoWhenRearNeutralGearTransitions
,76E,280,287,1,0,0,cm,22202A,62202A,ff,gcfg.HysteresisForTransitionBetweenDifferentColorSquares
,76E,288,295,1,0,0,cm,22202A,62202A,ff,gcfg.DetectionRangeOfRearSensors.ContinuousTone
,76E,296,303,1,0,0,cm,22202A,62202A,ff,gcfg.DetectionRangeOfRearSensors.InnerSensorsDiscontinuousTone
,76E,304,311,1,0,0,cm,22202A,62202A,ff,gcfg.DetectionRangeOfRearSensors.OuterSensorsDiscontinuousTone
,76E,312,319,1,0,0,cm,22202A,62202A,ff,gcfg.DetectionRangeOfRearSensors.InnerSensorsVisualStart
,76E,320,327,1,0,0,cm,22202A,62202A,ff,gcfg.DetectionRangeOfRearSensors.OuterSensorsVisualStart
,76E,328,335,1,0,0,cm,22202A,62202A,ff,gcfg.DetectionRangeOfRearSensors.InnerSensorsBCPStart
,76E,336,343,1,0,0,cm,22202A,62202A,ff,gcfg.DetectionRangeOfRearSensors.OuterSensorsBCPStart
,76E,344,351,1,0,0,cm,22202A,62202A,ff,gcfg.DetectionRangeOfFrontSensors.ContinuousTone
,76E,352,359,1,0,0,cm,22202A,62202A,ff,gcfg.DetectionRangeOfFrontSensors.InnerSensorsDiscontinuousTone
,76E,360,367,1,0,0,cm,22202A,62202A,ff,gcfg.DetectionRangeOfFrontSensors.OuterSensorsDiscontinuousTone
,76E,368,375,1,0,0,cm,22202A,62202A,ff,gcfg.DetectionRangeOfFrontSensors.InnerSensorsVisualStart
,76E,376,383,1,0,0,cm,22202A,62202A,ff,gcfg.DetectionRangeOfFrontSensors.OuterSensorsVisualStart
,76E,388,388,1,0,0,,22202A,62202A,ff,gcfg.AutomaticReactivationScheme.SystemPower,0:No;1:Yes
,76E,389,389,1,0,0,,22202A,62202A,ff,gcfg.AutomaticReactivationScheme.VehicleSpeed,0:No;1:Yes
,76E,390,390,1,0,0,,22202A,62202A,ff,gcfg.AutomaticReactivationScheme.ReverseGear,0:No;1:Yes
,76E,391,391,1,0,0,,22202A,62202A,ff,gcfg.AutomaticReactivationScheme.SwitchShortPush,0:No;1:Yes
,76E,399,399,1,0,0,,22202A,62202A,ff,gcfg.BCPadaptation,0:Off;1:On
,76E,404,407,10,0,0,%,22202A,62202A,ff,gcfg.UPA_HFP_Switch_LED.day_brightness
,76E,412,415,10,0,0,%,22202A,62202A,ff,gcfg.UPA_HFP_Switch_LED.night_brightness
,76E,420,423,10,0,0,%,22202A,62202A,ff,gcfg.UPA_HFP_Switch_LED.twilight_brightness
,76E,31,39,1,0,0,cm,22202C,62202C,ff,gcfg4.LevelEasy_SuperiorThreshold
,76E,47,55,1,0,0,cm,22202C,62202C,ff,gcfg4.LevelEasy_InferiorThreshold
,76E,63,71,1,0,0,cm,22202C,62202C,ff,gcfg4.LevelMedium_InferiorThreshold
,76E,79,87,1,0,0,cm,22202C,62202C,ff,gcfg4.LevelDifficult_InferiorThreshold
,76E,88,95,1,0,0,cm,22202C,62202C,1ff,gcfg4.LevelImpossible_InferiorThreshold
,76E,97,103,1,0,0,km/h,22202C,62202C,ff,gcfg4.PSM_MaxSpeedForDisplay
,76E,105,111,1,0,0,km/h,22202C,62202C,ff,gcfg4.PSM_MaxSpeedForScan
,76E,113,119,1,0,0,km/h,22202C,62202C,ff,gcfg4.PSM_MaxSpeedHysteresis
,76E,120,127,.01,0,2,s,22202C,62202C,ff,gcfg4.PSM_Failure_Flashing_frequency
,76E,132,135,5,0,0,s,22202C,62202C,ff,gcfg4.PSM_timeoutForMessage
,76E,140,143,10,0,0,%,22202C,62202C,ff,gcfg4.PSM_Switch_LED.day_brightness
,76E,148,151,10,0,0,%,22202C,62202C,ff,gcfg4.PSM_Switch_LED.night_brightness
,76E,156,159,10,0,0,%,22202C,62202C,ff,gcfg4.PSM_Switch_LED.twilight_brightness
,76E,168,175,.1,0,1,m,22202C,62202C,ff,gcfg4.HFP_HMI.negativeMemorizationDistance
,76E,176,183,.1,0,1,m,22202C,62202C,ff,gcfg4.HFP_HMI.memorizationDistance
,76E,187,191,5,0,0,cm,22202C,62202C,ff,gcfg4.HFP_HMI.backwardMoveForMMIOff
,76E,196,199,1,0,0,km/h,22202C,62202C,ff,gcfg4.HFP_Threshold.SpeedThresholdForExitingStartOfMission
,76E,205,207,1,0,0,km/h,22202C,62202C,ff,gcfg4.HFP_Threshold.HFP_MaxSpeedForPSMHysteresis
,76E,210,215,1,0,0,km/h,22202C,62202C,ff,gcfg4.HFP_Threshold.HFP.MaxSpeedForPSM
,76E,219,223,.1,0,1,s,22202C,62202C,ff,gcfg4.HFP_SafetyCalib.LongPushDuration
,76E,224,227,1,0,0,km/h,22202C,62202C,ff,gcfg4.HFP_SafetyCalib.SpeedThresholdForStartingManeuver
,76E,228,231,1,0,0,km/h,22202C,62202C,ff,gcfg4.HFP_SafetyCalib.SpeedThresholdForStoppingManeuver
,76E,235,239,1,0,0,s,22202C,62202C,ff,gcfg4.HFP_OffCondition.timeoutForStandstillError
,76E,240,255,.01,0,2,m,22202C,62202C,ff,gcfg4.HFP_OffCondition.maxMoveInWrongDirection
,76E,262,271,1,0,0,s,22202C,62202C,ff,gcfg4.HFP_OffCondition.standstillTimeBeforeDeactivation
,76E,272,275,1,0,0,,22202C,62202C,ff,gcfg4.HFP_OffCondition.maxManeuverCycles
,76E,276,279,.5,0,1,s,22202C,62202C,ff,gcfg4.HFP_OffCondition.timeToGetHandsOffWheel
,76E,297,303,1,0,0,°,22202C,62202C,ff,gcfg4.HFP_PO.maxAngleAllowed
,76E,305,311,.1,0,1,m,22202C,62202C,ff,gcfg4.HFP_PO.maxFrontObjectDistForPO
,76E,317,319,5,0,0,s,22202C,62202C,ff,gcfg4.HFP_timeoutForPopup
,76E,321,327,10,0,0,°/s,22202C,62202C,ff,gcfg4.maxSWARSpeedWhenMoving
,76E,328,334,10,0,0,ms,22202C,62202C,ff,gcfg4.HFP_IS.4WS_MaxReactionTime
,76E,339,343,1,0,0,s,22202C,62202C,ff,gcfg4.HFP_IS.timeBeforeRelax
,76E,350,359,1,0,0,°,22202C,62202C,ff,gcfg4.HFP_IS.maxSWARequest
,76E,369,375,10,0,0,ms,22202C,62202C,ff,gcfg4.HFP_IS.EPS_MaxReactionTime
,76E,383,391,1,0,0,°/s,22202C,62202C,ff,gcfg4.HFP_IS.speedForRelax
,76E,394,399,1,0,0,°,22202C,62202C,ff,gcfg4.HFP_IS.SWARDecreaseInRelax
,76E,406,415,1,0,0,,22202C,62202C,ff,gcfg4.HFP_IS.SWAThresholdToRelax
,76E,423,431,1,0,0,°/s,22202C,62202C,ff,gcfg4.HFP_IS.SWAPerSecondStandStill
,76E,449,455,1,0,0,cm,22202C,62202C,ff,gcfg4.doorOpeningClearance
,76E,457,463,.01,0,2,m,22202C,62202C,ff,gcfg4.HFP_Slot.maxDistanceToCurbstone
,76E,464,479,1,0,0,cm,22202C,62202C,ff,gcfg4.HFP_Slot.maxSlotDepthForCurbstoneAlignment
,76E,482,487,.05,0,2,m,22202C,62202C,ff,gcfg4.HFP_Slot.minSlotDepth
,76E,488,495,.02,0,2,m,22202C,62202C,ff,gcfg4.HFPB_Slot.minParallelSlotDepth
,76E,496,503,1,0,0,cm,22202C,62202C,ff,gcfg4.HFPB_Slot.minDiagonalSlotExtraLength
,76E,504,511,1,0,0,cm,22202C,62202C,ff,gcfg4.HFPB_Slot.minPerpendicularSlotExtraLength
,76E,512,519,1,0,0,m,22202C,62202C,ff,gcfg4.HFPB_Slot.maxParallelSlotExtraLengthForCentering
,76E,520,527,1,0,0,cm,22202C,62202C,ff,gcfg4.HFPB_Slot.minParallelSlotExtraLength
,76E,530,535,1,0,0,m,22202C,62202C,1ff,gcfg4.APA_MaxDistToStartManeuver
,76E,540,543,1,0,0,unit,22202C,62202C,ff,gcfg4.HFPB_soundRequestDuration
,76E,545,551,.1,0,1,m,22202C,62202C,ff,gcfg4.HFPB_Detection.minDetectionRange
,76E,553,559,.1,0,1,m,22202C,62202C,ff,gcfg4.HFPB_Detection.maxDetectionRange
,76E,560,567,1,0,0,cm,22202C,62202C,1ff,gcfg4.HFPB_Maneuver.FinalCrossLongPositionToCurb
,76E,569,575,1,0,0,cm,22202C,62202C,ff,gcfg4.HFPB_Maneuver.FinalCrossLongPositionToObstacle
,76E,576,583,1,0,0,cm,22202C,62202C,ff,gcfg4.HFPB_Maneuver.FinalParallelLongPositionToFrontObject
,76E,591,599,.01,0,2,m,22202C,62202C,ff,gcfg4.HFPB_maxCrossForwardMoveDistance
,76E,603,607,.5,0,1,m/s,22202C,62202C,ff,gcfg4.HFPB_DecelThresholdForStopInstr
,76E,612,615,1,0,0,cm,22202C,62202C,ff,gcfg4.HFPB_StopDistThresholdFor100perc
,76E,617,623,1,0,0,s,22202C,62202C,ff,gcfg4.HFP_SwitchBlockedSwitchDuration
,76E,24,31,1,0,0,,22202D,62202D,ff,gcfg3.DDD_UTAPresence
,76E,32,39,1,0,0,,22202D,62202D,ff,gcfg3.DDD_AlertActivationStatus
,76E,40,47,.125,0,1,,22202D,62202D,ff,gcfg3.DDD_State12
,76E,48,55,.125,0,1,,22202D,62202D,ff,gcfg3.DDD_State23
,76E,56,63,.125,0,1,,22202D,62202D,ff,gcfg3.DDD_State34
,76E,64,71,.125,0,1,,22202D,62202D,ff,gcfg3.DDD_HystState21
,76E,72,79,.125,0,1,,22202D,62202D,ff,gcfg3.DDD_HystState32
,76E,80,87,.125,0,1,,22202D,62202D,ff,gcfg3.DDD_HystState43
,76E,88,95,1,0,0,km/h,22202D,62202D,ff,gcfg3.DDD_vVehMin
,76E,96,103,1,0,0,km/h,22202D,62202D,ff,gcfg3.DDD_vVehMax
,76E,104,111,1,0,0,km/h,22202D,62202D,ff,gcfg3.DDD_DeactHMI_vVehMin
,76E,112,119,1,0,0,s,22202D,62202D,ff,gcfg3.DDD_DeactHMI_TimeMinDown
,76E,120,127,1,0,0,s,22202D,62202D,ff,gcfg3.DDD_DeactHMI_TimeMinUp
,76E,128,135,1,0,0,km/h,22202D,62202D,ff,gcfg3.DDD_DeactHMI_vVehMax
,76E,136,143,1,0,0,s,22202D,62202D,ff,gcfg3.DDD_DeactHMI_TimeMaxDown
,76E,144,151,1,0,0,s,22202D,62202D,ff,gcfg3.DDD_DeactHMI_TimeMaxUp
,76E,152,159,1,0,0,,22202D,62202D,ff,gcfg3.DDD_DevCANFrameActivatedLastPowerCycle
,76E,160,167,1,0,0,,22202D,62202D,ff,gcfg3.DDD_Dummy01
,76E,168,175,1,0,0,,22202D,62202D,ff,gcfg3.DDD_Dummy02
,76E,176,183,1,0,0,s,22202D,62202D,ff,gcfg3.DDD_AlertActTime
,76E,184,191,1,0,0,min,22202D,62202D,ff,gcfg3.DDD_MinTimeBtw2Wrng
,76E,192,199,1,0,0,-,22202D,62202D,ff,gcfg3.DDD_4WSVehicleEquipped
,76E,31,31,1,0,0,,22202E,62202E,ff,gcfg2.BSW_Presence,0:Not present;1:Present
,76E,39,39,1,0,0,,22202E,62202E,ff,gcfg2.BSW_Switch_Presence,0:Absent;1:Present
,76E,45,47,1,0,0,,22202E,62202E,ff,gcfg2.BSW_InitFlashing.Number
,76E,48,55,.01,0,2,s,22202E,62202E,ff,gcfg2.BSW_InitFlashing.Frequency
,76E,56,71,.1,0,1,km/h,22202E,62202E,ff,gcfg2.BSW_ThresholdSpeed.ThresholdLowDeactivationSpeed
,76E,72,87,.1,0,1,km/h,22202E,62202E,ff,gcfg2.BSW_ThresholdSpeed.ThresholdLowActivationSpeed
,76E,88,103,.1,0,1,km/h,22202E,62202E,ff,gcfg2.BSW_ThresholdSpeed.ThresholdHighActivationSpeed
,76E,104,119,.1,0,1,km/h,22202E,62202E,ff,gcfg2.BSW_ThresholdSpeed.ThresholdHighDeactivationSpeed
,76E,120,127,.01,0,2,s,22202E,62202E,ff,gcfg2.BSW_WarningLevel2_LED_Flashing_Rate
,76E,134,135,1,0,0,,22202E,62202E,ff,gcfg2.BSW_InitialStateCfg,0:AlwaysOn;1:AlwaysOff;2:Userdefined
,76E,143,143,1,0,0,,22202E,62202E,ff,gcfg2.BSW_2ndLevelWarningSound,0:Warning level without sound;1:Warning level with sound
,76E,144,151,.01,0,2,s,22202E,62202E,ff,gcfg2.BSW_Failure_Flashing_frequency
,76E,159,159,1,0,0,,22202E,62202E,ff,gcfg2.BSW_ThresholdSpeed_AlertAvailability,0:LEDs are OFF under/over speed thresholds;1:LEDs are ON under/over speed thresholds
,76E,167,167,1,0,0,,22202E,62202E,ff,gcfg2.BSW_Status_Presence,0:Absent;1:Present
,76E,175,183,10,0,0,°,22202E,62202E,ff,gcfg2.BSW_MaxSteeringAngle
,76E,190,199,.1,0,1,s,22202E,62202E,ff,gcfg2.BSW_WarningTimer
,76E,204,207,10,0,0,%,22202E,62202E,ff,gcfg2.BSW_Warning_LED.day_brightness
,76E,212,215,10,0,0,%,22202E,62202E,ff,gcfg2.BSW_Warning_LED.night_brightness
,76E,220,223,10,0,0,%,22202E,62202E,ff,gcfg2.BSW_Warning_LED.twlight_brightness
,76E,228,231,10,0,0,%,22202E,62202E,ff,gcfg2.BSW_Switch_LED.day_brightness
,76E,236,239,10,0,0,%,22202E,62202E,ff,gcfg2.BSW_Switch_LED.night_brightness
,76E,244,247,10,0,0,%,22202E,62202E,ff,gcfg2.BSW_Switch_LED.twilight_brightness
,76E,24,31,1,0,0,°,22202F,62202F,ff,gcfg1.DistDrivingTube.DTLimitAngle
,76E,34,39,1,0,0,cm,22202F,62202F,ff,gcfg1.DistDrivingTube.HighAngle
,76E,42,47,1,0,0,cm,22202F,62202F,ff,gcfg1.DistDrivingTube.LowAngle
,76E,48,55,1,0,0,°,22202F,62202F,ff,gcfg1.DistDrivingTube.DTLimitAngleHysteresis
,76E,56,63,1,0,0,cm,22202F,62202F,ff,gcfg1.DetectionRangeOfSideSensors.Continuous
,76E,64,71,1,0,0,,22202F,62202F,ff,gcfg1.DetectionRangeOfSideSensors.DiscontinuousFar
,76E,72,79,1,0,0,,22202F,62202F,ff,gcfg1.DetectionRangeOfSideSensors.DiscontinuousNear
,76E,80,87,1,0,0,,22202F,62202F,ff,gcfg1.DetectionRangeOfSideSensors.MaxRangeInNormalMode
,76E,93,95,30,0,0,s,22202F,62202F,ff,gcfg1.timeoutForScanZones
,76E,24,39,1,0,0,km/h,222030,622030,ff,VehicleSpeed
,76E,24,31,.1,0,1,V,222031,622031,ff,ECUvoltage
,76E,31,31,1,0,0,,222032,622032,ff,SensorsVoltage,0:voltage not ok;1:voltage ok
,76E,24,31,1,0,0,,222033,622033,ff,UPA_SystemState,0:Maneuver;1:Normal;2:Standby;3:Error
,76E,25,25,1,0,0,,222034,622034,ff,UPAStatusFrame.Push Trace,0:the button has not been pushed yet;1:the button was pushed at least one time
,76E,26,26,1,0,0,,222034,622034,ff,UPAStatusFrame.Short On_Off mode,0:System activated;1:System deactivated
,76E,27,27,1,0,0,,222034,622034,ff,UPAStatusFrame.Long On_Off mode,0:System activated;1:System deactivated
,76E,28,28,1,0,0,,222034,622034,ff,UPAStatusFrame.Neutral or Parking,0:Off;1:On
,76E,29,29,1,0,0,,222034,622034,ff,UPAStatusFrame.LED,0:Off;1:On
,76E,30,30,1,0,0,,222034,622034,ff,UPAStatusFrame.TrailerPresence,0:Trailer not connected;1:Trailer connected
,76E,31,31,1,0,0,,222034,622034,ff,UPAStatusFrame.Reverse,0:Off;1:On
,76E,24,31,1,0,0,cm,222035,622035,ff,RearCalculatedDistance
,76E,24,31,1,0,0,cm,222036,622036,ff,FrontCalculatedDistance
,76E,24,31,1,0,0,cm,222037,622037,ff,RearDistancesMeasurement.RearSideLeft
,76E,32,39,1,0,0,cm,222037,622037,ff,RearDistancesMeasurement.RearSideLeftToRearOuterLeft
,76E,40,47,1,0,0,cm,222037,622037,ff,RearDistancesMeasurement.RearOuterLeftToRearSideLeft
,76E,48,55,1,0,0,cm,222037,622037,ff,RearDistancesMeasurement.RearOuterLeft
,76E,56,63,1,0,0,cm,222037,622037,ff,RearDistancesMeasurement.RearOuterLeftToRearInnerLeft
,76E,64,71,1,0,0,cm,222037,622037,ff,RearDistancesMeasurement.RearInnerLeftToRearOuterLeft
,76E,72,79,1,0,0,cm,222037,622037,ff,RearDistancesMeasurement.RearInnerLeft
,76E,80,87,1,0,0,cm,222037,622037,ff,RearDistancesMeasurement.RearInnerLeftToRearInnerRight
,76E,88,95,1,0,0,cm,222037,622037,ff,RearDistancesMeasurement.RearInnerRightToRearInnerLeft
,76E,96,103,1,0,0,cm,222037,622037,ff,RearDistancesMeasurement.RearInnerRight
,76E,104,111,1,0,0,cm,222037,622037,ff,RearDistancesMeasurement.RearInnerRightToRearOuterRight
,76E,112,119,1,0,0,cm,222037,622037,ff,RearDistancesMeasurement.RearOuterRightToRearInnerRight
,76E,120,127,1,0,0,cm,222037,622037,ff,RearDistancesMeasurement.RearOuterRight
,76E,128,135,1,0,0,cm,222037,622037,ff,RearDistancesMeasurement.RearOuterRightToRearSideRight
,76E,136,143,1,0,0,cm,222037,622037,ff,RearDistancesMeasurement.RearSideRightToRearOuterRight
,76E,144,151,1,0,0,cm,222037,622037,ff,RearDistancesMeasurement.RearSideRight
,76E,24,31,1,0,0,cm,222038,622038,ff,FrontDistancesMeasurement.FrontSideLeft
,76E,32,39,1,0,0,cm,222038,622038,ff,FrontDistancesMeasurement.FrontSideLeftToFrontOuterLeft
,76E,40,47,1,0,0,cm,222038,622038,ff,FrontDistancesMeasurement.FrontOuterLeftToFrontSideLeft
,76E,48,55,1,0,0,cm,222038,622038,ff,FrontDistancesMeasurement.FrontOuterLeft
,76E,56,63,1,0,0,cm,222038,622038,ff,FrontDistancesMeasurement.FrontOuterLeftToFrontInnerLeft
,76E,64,71,1,0,0,cm,222038,622038,ff,FrontDistancesMeasurement.FrontInnerLeftToFrontOuterLeft
,76E,72,79,1,0,0,cm,222038,622038,ff,FrontDistancesMeasurement.FrontInnerLeft
,76E,80,87,1,0,0,cm,222038,622038,ff,FrontDistancesMeasurement.FrontInnerLeftToFrontInnerRight
,76E,88,95,1,0,0,cm,222038,622038,ff,FrontDistancesMeasurement.FrontInnerRightToFrontInnerLeft
,76E,96,103,1,0,0,cm,222038,622038,ff,FrontDistancesMeasurement.FrontInnerRight
,76E,104,111,1,0,0,cm,222038,622038,ff,FrontDistancesMeasurement.FrontInnerRightToFrontOuterRIght
,76E,112,119,1,0,0,cm,222038,622038,ff,FrontDistancesMeasurement.FrontOuterRightToFrontInnerRight
,76E,120,127,1,0,0,cm,222038,622038,ff,FrontDistancesMeasurement.FrontOuterRight
,76E,128,135,1,0,0,cm,222038,622038,ff,FrontDistancesMeasurement.FrontOuterRightToFrontSideRight
,76E,136,143,1,0,0,cm,222038,622038,ff,FrontDistancesMeasurement.FrontSideRightToFrontOuterRight
,76E,144,151,1,0,0,cm,222038,622038,ff,FrontDistancesMeasurement.FrontSideRight
,76E,24,31,.00001,0,3,s,222039,622039,ff,cfg.RearAttenuationTIme.RearSideLeft
,76E,32,39,.00001,0,3,s,222039,622039,ff,cfg.RearAttenuationTIme.RearSideRight
,76E,40,47,.00001,0,3,s,222039,622039,ff,cfg.RearAttenuationTIme.RearOuterLeft
,76E,48,55,.00001,0,3,s,222039,622039,ff,cfg.RearAttenuationTIme.RearOuterRight
,76E,56,63,.00001,0,3,s,222039,622039,ff,cfg.RearAttenuationTIme.RearInnerLeft
,76E,64,71,.00001,0,3,s,222039,622039,ff,cfg.RearAttenuationTIme.RearInnerRight
,76E,24,31,.00001,0,3,s,22203A,62203A,ff,cfg.FrontAttenuationTIme.FrontSideLeft
,76E,32,39,.00001,0,3,s,22203A,62203A,ff,cfg.FrontAttenuationTIme.FrontSideRight
,76E,40,47,.00001,0,3,s,22203A,62203A,ff,cfg.FrontAttenuationTIme.FrontOuterLeft
,76E,48,55,.00001,0,3,s,22203A,62203A,ff,cfg.FrontAttenuationTIme.FrontOuterRight
,76E,56,63,.00001,0,3,s,22203A,62203A,ff,cfg.FrontAttenuationTIme.FrontInnerLeft
,76E,64,71,.00001,0,3,s,22203A,62203A,ff,cfg.FrontAttenuationTIme.FrontInnerRight
,76E,31,31,1,0,0,,22203E,62203E,ff,FrontBuzzer,0:Off;1:On
,76E,31,31,1,0,0,,22203F,62203F,ff,RearBuzzer,0:Off;1:On
,76E,31,31,1,0,0,,222042,622042,ff,cfg.4WS_VehicleEquipped,0:vehicle without 4WS;1:vehicle with 4WS
,76E,24,14583,1,0,0,,222043,622043,4ff,cfg.SupplierData1
,76E,24,1039,1,0,0,,222044,622044,4ff,cfg.SupplierData2
,76E,24,135,1,0,0,,222045,622045,2ff,CalibrationNumber
,76E,24,31,.1,0,1,s,222046,622046,ff,cfg.TempoWhenRearNeutralGearTransitions
,76E,24,599,1,0,0,,222047,622047,4ff,cfg.SupplierDataDDD
,76E,24,55,1,0,0,,222048,622048,2ff,CalibrationNumberDDD
,76E,24,31,1,0,0,°,222049,622049,1ff,cfg.DistDrivingTube.DTLimitAngle
,76E,34,39,1,0,0,cm,222049,622049,ff,cfg.DistDrivingTube.HighAngle
,76E,42,47,1,0,0,cm,222049,622049,ff,cfg.DistDrivingTube.LowAngle
,76E,48,55,1,0,0,°,222049,622049,ff,cfg.DistDrivingTube.DTLimitAngleHysteresis
,76E,31,31,1,0,0,,22204B,62204B,1ff,cfg.UPA_CloseAuthorization
,76E,24,31,1,0,0,s,22204C,62204C,ff,cfg.DisplayInterruptTempo
,76E,28,31,1,0,0,,22204D,62204D,ff,PSM_SwitchLEDCommand
,76E,31,31,1,0,0,,22204E,62204E,ff,cfg.DisplayInterrupt,0:No;1:Yes
,76E,24,31,1,0,0,,22204F,62204F,ff,VehicleState,0:Sleeping;2:CutoffPending;3:AutoACC  - BatTempoLevel;5:IgnitionLevel;6:StartingInProgress;7:PowertrainRunning;8:AutoStart;9:EngineSystemStop;15:Unavailable
,76E,24,39,1,0,0,,222099,622099,ff,cfg.DevIdConfigurationFlags,0:Deactivated;256:Single CAN;34480:Activated BSW Only;35346:HFP/HFPB Only;37393:UPA Only;39442:Activated UPA/HFP/HFPB/PSM
,76E,31,31,1,0,0,,222100,622100,ff,cfg.SideDetectionState,0:Off;1:On
,76E,24,31,1,0,0,cm,222101,622101,ff,cfg.DetectionRangeOfSideSensors.Continuous
,76E,32,39,1,0,0,cm,222101,622101,ff,cfg.DetectionRangeOfSideSensors.DiscontinuousFar
,76E,40,47,1,0,0,cm,222101,622101,ff,cfg.DetectionRangeOfSideSensors.DiscontinuousNear
,76E,48,55,1,0,0,cm,222101,622101,ff,cfg.DetectionRangeOfSideSensors.MaxRangeInNormalMode
,76E,29,31,30,0,0,s,222102,622102,ff,cfg.timeoutForScanZones
,76E,24,55,10,0,0,mm,222200,622200,1ff,HFP_OutOdometry.x
,76E,56,87,10,0,0,mm,222200,622200,1ff,HFP_OutOdometry.y
,76E,24,31,.1,0,1,m,222201,622201,ff,HFP_DetectedSlot.Lenght
,76E,32,39,.1,0,1,m,222201,622201,ff,HFP_DetectedSlot.Depth
,76E,24,31,1,0,0,,222202,622202,ff,HFP_StateMachine,0:State_0_IgnitionOff_enm;1:State_1_HfpOff_enm;2:State_211_NoMmi_enm;3:State_21211_NoSideSelected_enm;4:State_212131_NoSlotSelected_enm;5:State_212132_SlotSelected_enm;6:State_212133_SlotRdyVehMoving_enm;7:State_212134_SlotRdyVehStopped_enm;8:State_21221_NoSideSelPoc_enm;9:State_21222_SideSelPoc_enm;10:State_21223_VehicleMovingPoc_enm;11:State_221_ActuatorsInitialization_enm;12:State_22211_OngoingForward_enm;13:State_22212_StopReqForward_enm;14:State_22213_RgeRequest_enm;15:State_22221_OngoingBackward_enm;16:State_22222_StopReqBackward_enm;17:State_22223_FgeRequest_enm;18:State_2223_PoGuidance_enm;19:State_223_HandsOnWheel_enm;20:State_231_RecoveryCondNok_enm;21:State_2321_RecoveryCondOkStopReq_enm;22:State_2322_RecoveryCondOkStandstill_enm;23:State_241_ActuatorsNotReady_enm;24:State_242_ManeuverCancelled_enm;25:State_243_ManInDriverReq_enm;26:State_244_OutOfRecoveryCond_enm;27:State_251_SuccessfulPI_enm;28:State_252_SuccessfulPO_enm;29:State_3_ErrorMsgSpeedCondition_enm;30:State_4_ErrorMsgAbsAsr_enm;31:State_5_ErrorMsgTrailerHooked_enm;32:State_61_SS1_enm;33:State_62_ErrorMessageSS1_enm
,76E,31,31,1,0,0,,222203,622203,ff,HFP_SwitchState,0:Not Pushed;1:Pushed
,76E,31,31,1,0,0,,222204,622204,ff,HFP_StartOfMission,0:not the start of mission;1:start of mission
,76E,28,31,1,0,0,km/h,222205,622205,ff,cfg.HFP_Threshold.SpeedThresholdForExitingStartOfMission
,76E,37,39,1,0,0,km/h,222205,622205,ff,cfg.HFP_Threshold.MaxSpeedForPSMHysteresis
,76E,42,47,1,0,0,km/h,222205,622205,ff,cfg.HFP_Threshold.MaxSpeedForPSM
,76E,27,31,.1,0,1,s,222206,622206,ff,cfg.HFP_SafetyCalib.LongPushDuration
,76E,32,35,1,0,0,km/h,222206,622206,ff,cfg.HFP_SafetyCalib.SpeedThresholdForStartingManeuver
,76E,36,39,1,0,0,km/h,222206,622206,ff,cfg.HFP_SafetyCalib.SpeedThresholdForStoppingManeuver
,76E,26,31,10,0,0,cm,222208,622208,ff,cfg.HFP_HMI.smallestSlotToDisplay
,76E,32,39,.1,0,1,m,222208,622208,ff,cfg.HFP_HMI.negativeMemorizationDistance
,76E,40,47,.1,0,1,m,222208,622208,ff,cfg.HFP_HMI.memorizationDistance
,76E,51,55,5,0,0,cm,222208,622208,ff,cfg.HFP_HMI.backwardMoveForMMIOff
,76E,27,31,1,0,0,s,222209,622209,ff,cfg.HFP_OffCondition.timeoutForStandstillError
,76E,32,47,.01,0,2,m,222209,622209,ff,cfg.HFP_OffCondition.maxMoveInWrongDirection
,76E,54,63,1,0,0,s,222209,622209,ff,cfg.HFP_OffCondition.standstillTimeBeforeDeactivation
,76E,64,67,1,0,0,,222209,622209,ff,cfg.HFP_OffCondition.maxManeuverCycles
,76E,68,71,.5,0,1,s,222209,622209,ff,cfg.HFP_OffCondition.timeToGetHandsOffWheel
,76E,25,31,1,0,0,cm,222210,622210,ff,cfg.HFP_PO.safetyDistance
,76E,33,39,1,0,0,°,222210,622210,ff,cfg.HFP_PO.maxAngleAllowed
,76E,40,47,.01,0,2,m,222210,622210,ff,cfg.HFP_PO.DistanceToObstacleFor1stSteer
,76E,49,55,.1,0,1,m,222210,622210,ff,cfg.HFP_PO.MaxBackwardMoveDistance
,76E,57,63,.1,0,1,m,222210,622210,ff,cfg.HFP_PO.maxFrontObjectDistForPO
,76E,29,31,5,0,0,s,222213,622213,ff,cfg.HFP_timeoutForPopup
,76E,25,31,10,0,0,°/s,222214,622214,ff,cfg.maxSWARSpeedWhenMoving
,76E,24,30,10,0,0,ms,222215,622215,ff,cfg.HFP_IS.4WS_MaxReactionTime
,76E,35,39,1,0,0,s,222215,622215,ff,cfg.HFP_IS.timeBeforeRelax
,76E,46,55,1,0,0,°,222215,622215,ff,cfg.HFP_IS.maxSWARequest
,76E,65,71,10,0,0,ms,222215,622215,ff,cfg.HFP_IS.EPS_MaxReactionTime
,76E,79,87,1,0,0,°/s,222215,622215,ff,cfg.HFP_IS.speedForRelax
,76E,90,95,1,0,0,°,222215,622215,ff,cfg.HFP_IS.SWARDecreaseInRelax
,76E,102,111,1,0,0,°,222215,622215,ff,cfg.HFP_IS.SWAThresholdForRelax
,76E,119,127,1,0,0,°/s,222215,622215,ff,cfg.HFP_IS.SWAPerSecondStandStill
,76E,31,31,1,0,0,,222216,622216,ff,HFP_BorderDetected,0:no border detected;1:border detected
,76E,25,31,1,0,0,cm,22221A,62221A,ff,cfg.doorOpeningClearance
,76E,25,31,.01,0,2,m,222220,622220,ff,cfg.HFP_Slot.maxDistanceToCurbstone
,76E,32,47,1,0,0,cm,222220,622220,ff,cfg.HFP_Slot.maxSlotDepthForCurbstoneAlignment
,76E,50,55,.05,0,2,m,222220,622220,ff,cfg.HFP_Slot.minSlotDepth
,76E,31,31,1,0,0,,222300,622300,ff,cfg.BSW_Presence,0:Not present;1:Present
,76E,31,31,1,0,0,,222301,622301,ff,cfg.BSW_Switch_Presence,0:Absent;1:Present
,76E,29,31,1,0,0,,222302,622302,ff,cfg.BSW_InitFlashing.Number
,76E,32,39,.01,0,2,s,222302,622302,ff,cfg.BSW_InitFlashing.Frequency
,76E,24,39,.1,0,1,km/h,222303,622303,ff,cfg.BSW_ThresholdSpeed.ThresholdLowDeactivationSpeed
,76E,40,55,.1,0,1,km/h,222303,622303,ff,cfg.BSW_ThresholdSpeed.ThresholdLowActivationSpeed
,76E,56,71,.1,0,1,km/h,222303,622303,ff,cfg.BSW_ThresholdSpeed.ThresholdHighActivationSpeed
,76E,72,87,.1,0,1,km/h,222303,622303,ff,cfg.BSW_ThresholdSpeed.ThresholdHighDeactivationSpeed
,76E,24,31,.01,0,2,s,222307,622307,ff,cfg.BSW_WarningLevel2_LED_Flashing_Rate
,76E,31,31,1,0,0,,22230D,62230D,ff,BSW_SwitchState,0:Not Pushed;1:Pushed
,76E,30,31,1,0,0,,22230E,62230E,ff,BSW_SystemStatus,0:Vehicle Not Equiped;1:BSW_Off;2:BSW_On;3:BSW_NotWorking
,76E,28,31,1,0,0,,22230F,62230F,ff,BSW_LeftLEDCommand
,76E,28,31,1,0,0,,222310,622310,ff,BSW_RightLEDCommand
,76E,26,31,.1,0,1,m,222311,622311,ff,USSL.USS_RSL.DistanceToObject
,76E,34,39,.1,0,1,m,222311,622311,ff,USSL.USS_FSL.DistanceToObject
,76E,26,31,.1,0,1,m,222312,622312,ff,USSR.USS_RSR.DistanceToObject
,76E,34,39,.1,0,1,m,222312,622312,ff,USSR.USS_FSR.DistanceToObject
,76E,30,31,1,0,0,,222313,622313,ff,cfg.BSW_InitialStateCfg,0:On;1:Off;2:Userdefined
,76E,24,31,1,0,0,,222315,622315,ff,BSW_StateMachine,0:BSW_State_Power_Off;1:BSW_State_ECU_Init;2:BSW_State_Deactivated_Driver;3:BSW_State_NotAvailable;4:BSW_State_NotOperational;5:BSW_State_ObjectIndicatingMode;6:BSW_State_PassiveMode;7:BSW_State_SafeMode;8:BSW_State_Deactivated_Trailer;9:BSW_State_WarningSuppressionMode;10:BSW_State_HighNoise;11:BSW_State_BlockedSensorConfirmed
,76E,28,31,1,0,0,,222316,622316,ff,BSW_SwitchLEDCommand
,76E,28,31,1,0,0,,222317,622317,ff,BSW_LeftStatusLED,0:Off;1:On
,76E,28,31,1,0,0,,222318,622318,ff,BSW_RightStatusLED,0:Off;1:On
,76E,25,31,1,0,0,s,222319,622319,ff,cfg.HFP_SwitchBlockedSwitchDuration
,76E,31,31,1,0,0,,222321,622321,ff,cfg.BSW_2ndLevelWarningSound,0:Warning level without sound;1:Warning level with sound
,76E,24,31,.01,0,2,s,222322,622322,ff,cfg.BSW_Failure_Flashing_frequency
,76E,31,31,1,0,0,,222323,622323,ff,cfg.BSW_ThresholdSpeed_AlertAvailability,0:LEDs are OFF under/over speed thresholds;1:LEDs are ON under/over speed thresholds
,76E,31,31,1,0,0,,222324,622324,ff,cfg.BSW_Status_Presence,0:Absent;1:Present
,76E,31,39,10,0,0,°,222325,622325,ff,cfg.BSW_MaxSteeringAngle
,76E,30,39,.1,0,1,s,222328,622328,ff,cfg.BSW_WarningTimer
,76E,24,1143,1,0,0,,222329,622329,4ff,cfg.BSW_SupplierData
,76E,28,31,10,0,0,%,222332,622332,ff,cfg.BSW_Warning_LED.day_brightness
,76E,36,39,10,0,0,%,222332,622332,ff,cfg.BSW_Warning_LED.night_brightness
,76E,28,31,10,0,0,%,222335,622335,ff,cfg.PSM_Switch_LED.day_brightness
,76E,36,39,10,0,0,%,222335,622335,ff,cfg.PSM_Switch_LED.night_brightness
,76E,44,47,10,0,0,%,222335,622335,ff,cfg.PSM_Switch_LED.twilight_brightness
,76E,28,31,10,0,0,%,222338,622338,ff,cfg.BSW_Switch_LED.day_brightness
,76E,36,39,10,0,0,%,222338,622338,ff,cfg.BSW_Switch_LED.night_brightness
,76E,44,47,10,0,0,%,222338,622338,ff,cfg.BSW_Switch_LED.twilight_brightness
,76E,28,31,10,0,0,%,22233B,62233B,ff,cfg.UPA_HFP_Switch_LED.day_brightness
,76E,36,39,10,0,0,%,22233B,62233B,ff,cfg.UPA_HFP_Switch_LED.night_brightness
,76E,44,47,10,0,0,%,22233B,62233B,ff,cfg.UPA_HFP_Switch_LED.twilight_brightness
,76E,24,127,1,0,0,,222350,622350,4ff,cfg.RearSideSensorThreshold
,76E,24,127,1,0,0,,222351,622351,4ff,cfg.FrontSideSensorThreshold
,76E,24,31,1,0,0,,222403,622403,ff,GADE
,76E,24,31,1,0,0,h,222500,622500,ff,DDD_Time.Hours
,76E,32,39,1,0,0,min,222500,622500,ff,DDD_Time.Minutes
,76E,29,31,.1,0,1,mps,222501,622501,ff,P_tng_mps_MinVehicleSpeedFinish
,76E,28,31,.1,0,1,s,222503,622503,ff,P_tng_s_Detection_While
,76E,27,31,.01,0,2,s,222504,622504,ff,P_tng_s_DetectionTime_FS
,76E,24,31,.1,0,1,mps2,222505,622505,1ff,P_tng_mps2_AccelMinPID
,76E,30,39,.01,0,2,mps3,222506,622506,1ff,P_tng_mps3_BrakeActivationRamp
,76E,25,31,1,0,0,Nm,222507,622507,ff,P_tng_Nm_DefaultBrkTrqReq
,76E,26,31,.01,0,2,m,222509,622509,ff,P_tng_m_Minimum_finish_distance
,76E,24,31,.01,0,2,mps,22250A,62250A,ff,P_tng_mps_VehicleSpeed_Sdwlk
,76E,26,31,.01,0,2,mps3,22250B,62250B,ff,P_tng_mps3_BrakeCancelRampSlow
,76E,26,39,1,0,0,Nm,22250C,62250C,1ff,P_tng_Nm_BrakingTorqueMin
,76E,29,39,10,0,0,Nm,22250D,62250D,1ff,P_tng_Nm_PWTTorqueAchievableMax
,76E,29,39,10,0,0,Nm,22250E,62250E,1ff,P_tng_Nm_PWTTorqueAchievableMin
,76E,29,39,10,0,0,Nm,22250F,62250F,1ff,P_tng_Nm_PWTTrqAchievblMinOptim
,76E,29,39,1,0,0,mps2,222510,622510,1ff,P_tng_mps2_AccelMinFFD
,76E,24,39,1,0,0,Nm,222512,622512,1ff,P_tng_Nm_DefaultWheelMotorTrq
,76E,26,31,20,0,0,Nm,222513,622513,ff,P_tng_Nm_WheelTrqWithoutSlope
,76E,24,31,.02,0,2,mps2,222514,622514,ff,P_tng_mps2_measuredAccelMaxLim
,76E,31,39,.02,0,2,mps2,222515,622515,1ff,P_tng_mps2_measuredAccelMinLim
,76E,31,39,10,0,0,mps3,222516,622516,1ff,P_tng_mps3_AccelRateLimDown
,76E,24,31,10,0,0,mps3,222517,622517,ff,P_tng_mps3_AccelRateLimUp
,76E,28,31,1,0,0,mps3,222518,622518,ff,P_tng_mps3_BrakeCancelRampFast
,76E,25,31,.1,0,1,mps2,222519,622519,1ff,P_tng_mps2_AccelBrakeMax
,76E,26,39,.0001,0,3,x,22251A,62251A,ff,P_tng_x_Brake2EmergComfrtCntrlCalib
,76E,27,31,.01,0,2,m,22251B,62251B,ff,P_tng_m_StoppingDistanceTh
,76E,24,31,1,0,0,Nm,22251C,62251C,1ff,P_tng_Nm_BrakingTorqueMax
,76E,26,31,.1,0,1,x,22251E,62251E,ff,P_tng_x_derivativeBrakeGain
,76E,26,31,1,0,0,mps2,22251F,62251F,1ff,P_tng_x_EmergencyBraking
,76E,24,31,10,0,0,Nm,222520,622520,ff,P_tng_Nm_FullBrakeTorque
,76E,28,31,.1,0,1,x,222521,622521,ff,P_tng_x_GainFFD
,76E,25,31,.01,0,2,m,222522,622522,ff,cfg.HFPB_hfpb_torque_modulation
,76E,26,31,.1,0,1,x,222523,622523,ff,P_tng_x_integralBrakeGain
,76E,26,31,.1,0,1,x,222524,622524,ff,P_tng_x_integralGain_high
,76E,26,31,.1,0,1,x,222525,622525,ff,P_tng_x_integralGain_low
,76E,28,31,.1,0,1,x,222526,622526,ff,P_tng_x_MotorTorqueAdapt
,76E,25,31,.1,0,1,m,222527,622527,ff,P_tng_m_PI_interp_high
,76E,26,31,.1,0,1,m,222528,622528,ff,P_tng_m_PI_interp_low
,76E,25,31,.1,0,1,x,222529,622529,ff,P_tng_x_proportionalBrakeGain
,76E,25,31,.1,0,1,x,22252A,62252A,ff,P_tng_x_proportionalGain_high
,76E,26,31,.1,0,1,x,22252B,62252B,ff,P_tng_x_proportionalGain_low
,76E,25,31,10,0,0,Nm,22252C,62252C,ff,P_tng_Nm_PWTTrqMaxeffortSlope
,76E,26,31,1,0,0,%,22252E,62252E,ff,cfg.HFPB_StartThreshold
,76E,27,31,.1,0,1,s,22252F,62252F,ff,P_tng_s_TauDerivFF
,76E,27,31,.1,0,1,s,222530,622530,ff,P_tng_s_tauSpeedControl
,76E,24,31,.02,0,2,s,222531,622531,ff,P_tng_s_topWaitingTime
,76E,25,31,1,0,0,tic,222532,622532,ff,P_tng_tic_GearEngagedTime
,76E,25,31,1,0,0,tic,222533,622533,ff,P_tng_tic_WaitEngineTime
,76E,26,31,1,0,0,tic,222534,622534,ff,P_tng_tic_WaitReleaseTime
,76E,30,39,.0001,0,3,m,222535,622535,ff,P_tng_m_wheelPerimeterTops
,76E,24,31,.02,0,2,x,222538,622538,ff,P_tng_x_WindupCoefficient
,76E,26,31,1,0,0,m,222539,622539,1ff,cfg.APA_MaxDistToStartManeuver
,76E,24,31,1,0,0,,22253A,62253A,ff,cfg.HFPB_StateMachine,1:1;2:2;3:2-1;4:2.1.1;5:2.1.2;6:2.1.2.1;7:2.1.2.1.1;8:2.1.2.1.3;9:2.1.2.1.3.1;12:2.1.2.1.3.3;13:2.1.2.1.3.4;14:2.1.2.1.3.5;15:2.1.2.2;16:2.1.2.2.1;17:2.1.2.2.2;18:2.1.2.2.3;19:2.1.2.2.4;20:2.1.2.2.4.1;21:2.1.2.2.4.2;22:2.1.3;23:2.1.4;24:2-2;25:2.2.1;26:2.2.1.1;27:2.2.1.2;28:2.2.2;29:2.2.3;30:2.2.3.1;31:2.2.3.1.1;32:2.2.3.1.2;33:2.2.3.1.2.1;34:2.2.3.1.2.2;35:2.2.3.1.3;36:2.2.3.1.4;37:2.2.3.2;38:2.2.3.2.1;39:2.2.3.2.2;40:2.2.3.2.2.1;41:2.2.3.2.2.2;42:2.2.3.2.3;43:2.2.3.2.4;44:2.2.3.3;45:2.2.3.3.1;46:2.2.3.3.2;47:2.2.3.3.2.1;48:2.2.3.3.2.2;49:2.2.3.3.3;50:2.2.3.3.4;51:2.2.4;52:2-3;53:2.3.1;54:2.3.1.1;55:2.3.1.2;56:2.3.1.3;57:2.3.1.4;58:2.3.1.5;59:2.3.2;60:2.3.2.1;61:2.3.2.2;62:2-4;63:2.4.1;64:2.4.1.1;65:2.4.1.2;66:2.4.2;67:2.4.2.1;68:2.4.2.2;69:2.4.2.3;70:2.4.2.4;71:2.4.2.5;72:2.4.2.6;73:2.4.3;74:2.4.3.1;75:2.4.3.2;76:2.4.3.3;77:2.4.3.4;78:2.4.3.5;79:2.4.3.6;80:2-5;81:2.5.1;82:2.5.2;83:2-6;84:2.6.1;85:2.6.2
,76E,26,31,5,0,0,s,22253C,62253C,ff,cfg.HFPB_TimeoutForResume
,76E,28,39,1,0,0,kg,22253D,62253D,ff,P_tng_kg_VehicleMass
,76E,25,31,1,0,0,cm,22253E,62253E,ff,cfg.HFPB_SafetyDistance
,76E,31,31,1,0,0,-,22253F,62253F,ff,cfg.HFPB_feedForwardON
,76E,31,31,1,0,0,x,222540,622540,ff,P_tng_x_motorOptimON
,76E,31,31,1,0,0,x,222541,622541,ff,P_tng_x_ResetRateLimiter
,76E,24,31,1,0,0,s,222542,622542,ff,cfg.HFPB_HFPOffTimeAfterEngineStartup
,76E,27,31,.1,0,1,mps2,222543,622543,1ff,P_tng_x_FFDInitAccelMax
,76E,24,31,10,0,0,Nm,222546,622546,1ff,P_tng_Nm_Slope_torque_low
,76E,25,31,10,0,0,Nm,222547,622547,ff,P_tng_Nm_Slope_torque_up
,76E,27,39,.0001,0,3,mps2,222548,622548,1ff,P_tng_mps2_brakeSlopeChangeTh
,76E,28,31,1,0,0,unit,222549,622549,ff,cfg.HFPB_soundRequestDuration
,76E,27,31,1,0,0,%,22254A,62254A,ff,cfg.HFPB_maxRoadSlope
,76E,25,31,.1,0,1,m,22254B,62254B,ff,cfg.HFPB_Detection.minDetectionRange
,76E,33,39,.1,0,1,m,22254B,62254B,ff,cfg.HFPB_Detection.maxDetectionRange
,76E,25,31,1,0,0,cm,22254C,62254C,ff,cfg.HFPB_Slot.minCurbstoneHeight
,76E,33,39,1,0,0,cm,22254C,62254C,ff,cfg.HFPB_Slot.minObstacleHeight
,76E,40,47,.02,0,2,m,22254C,62254C,ff,cfg.HFPB_Slot.minCrossSlotDepth
,76E,48,55,.02,0,2,m,22254C,62254C,ff,cfg.HFPB_Slot.minParallelSlotDepth
,76E,56,63,1,0,0,cm,22254C,62254C,ff,cfg.HFPB_Slot.minDiagonalSlotExtraLength
,76E,64,71,1,0,0,cm,22254C,62254C,ff,cfg.HFPB_Slot.minPerpendicularSlotExtraLength
,76E,72,79,1,0,0,m,22254C,62254C,ff,cfg.HFPB_Slot.maxParallelSlotExtraLengthForCentering
,76E,80,87,1,0,0,cm,22254C,62254C,ff,cfg.HFPB_Slot.minParallelSlotExtraLength
,76E,31,31,1,0,0,,22254D,62254D,ff,cfg.DiagAddonEnable,0:disable;1:enable
,76E,25,31,1,0,0,cm,22254E,62254E,ff,cfg.minAutomaticMoveDistance
,76E,25,31,1,0,0,cm,22254F,62254F,ff,cfg.StopDistToleranceForNextMove
,76E,31,39,10,0,0,ms,222550,622550,ff,cfg.HFPB_VMC_maxReactionTime
,76E,25,31,1,0,0,km/h,222551,622551,ff,cfg.HFPB_Speed.Cross1stMoveReducedSpeed
,76E,33,39,1,0,0,km/h,222551,622551,ff,cfg.HFPB_Speed.Parallel1stMoveReducedSpeed
,76E,41,47,1,0,0,km/h,222551,622551,ff,cfg.HFPB_Speed.ParallelLowSpeed
,76E,49,55,1,0,0,km/h,222551,622551,ff,cfg.HFPB_Speed.Parallel1stMoveMaxSpeed
,76E,57,63,1,0,0,km/h,222551,622551,ff,cfg.HFPB_Speed.Cross1stMoveMaxSpeed
,76E,65,71,1,0,0,km/h,222551,622551,ff,cfg.HFPB_Speed.CrossLowSpeed
,76E,73,79,1,0,0,km/h,222551,622551,ff,cfg.HFPB_Speed.CrossNearObstacleSpeed
,76E,24,31,1,0,0,,22258B,62258B,ff,cfg.PSM_StateMachine,1:1;2:2;3:3;4:4;5:4-1;6:4-2;7:5;8:5-1;9:6;10:6-1;11:6.1.1;12:6.1.2;13:6-2;14:6.2.1;15:6.2.2;16:7;17:8;18:9
,76E,24,31,.1,0,1,m,22258C,62258C,ff,P_tng_m_AccelMaxFFD_interp_high
,76E,27,31,.1,0,1,m,22258D,62258D,ff,P_tng_m_AccelMaxFFD_interp_low
,76E,24,31,.01,0,2,m,22258E,62258E,ff,P_tng_m_StoppingDistance_Sdwlk
,76E,27,31,.01,0,2,m,22258F,62258F,ff,P_tng_m_brakeStoppingDistanceTh
,76E,26,31,.1,0,1,mps2,222590,622590,ff,P_tng_mps2_AccelMax
,76E,27,31,.1,0,1,mps2,222591,622591,ff,P_tng_mps2_AccelMaxFFD_high
,76E,28,31,.1,0,1,mps2,222592,622592,ff,P_tng_mps2_AccelMaxFFD_low
,76E,30,39,.0001,0,3,mps,222593,622593,ff,P_tng_mps_MvtDetecSpeedThreshold
,76E,25,31,.02,0,2,s,222594,622594,ff,P_tng_s_ElapsedTimeConfirmed
,76E,27,39,.02,0,2,x,222595,622595,ff,P_tng_x_EmergComfrtCntrl2BrakeCalib
,76E,25,31,1,0,0,x,222596,622596,ff,P_tng_x_FilterCoefficient
,76E,24,31,.01,0,2,x,222597,622597,ff,P_tng_x_HFPB_TorqueModulation
,76E,29,31,1,0,0,mps3,222598,622598,ff,P_tng_x_InitialValueRateLimiter
,76E,26,31,.1,0,1,x,222599,622599,ff,P_tng_x_Kb
,76E,24,39,1,0,0,Nmps,22259B,62259B,1ff,P_tng_x_LowerLimitRateLimiter56
,76E,28,31,1,0,0,mps2,22259C,62259C,ff,P_tng_x_UpperLimitRateLimiter
,76E,28,39,.6,0,1,Nmps,22259D,62259D,ff,P_tng_x_UpperLimitRateLimiter56
,76E,27,31,.2,0,1,x,22259E,62259E,ff,P_tng_x_derivativeGain
,76E,31,39,1,0,0,cm,222600,622600,ff,cfg.LevelEasy_SuperiorThreshold
,76E,31,39,1,0,0,cm,222601,622601,ff,cfg.LevelEasy_InferiorThreshold
,76E,31,39,1,0,0,cm,222602,622602,ff,cfg.LevelMedium_InferiorThreshold
,76E,31,39,1,0,0,cm,222603,622603,ff,cfg.LevelDifficult_InferiorThreshold
,76E,24,31,1,0,0,cm,222604,622604,ff,cfg.LevelImpossible_InferiorThreshold
,76E,25,31,1,0,0,km/h,222605,622605,ff,cfg.PSM_MaxSpeedForDisplay
,76E,25,31,1,0,0,km/h,222606,622606,ff,cfg.PSM_MaxSpeedForScan
,76E,25,31,1,0,0,km/h,222607,622607,ff,cfg.PSM_MaxSpeedHysteresis
,76E,24,31,.01,0,2,s,222609,622609,ff,cfg.PSM_Failure_Flashing_frequency
,76E,28,31,5,0,0,s,22260A,62260A,ff,cfg.PSM_timeoutForMessage
,76E,28,39,10,0,0,Nmps,22260D,62260D,1ff,P_tng_Nmps_WheelMotorTrqLowLimt
,76E,25,31,10,0,0,Nmps,22260E,62260E,ff,P_tng_Nmps_WheelMotorTrqUpLimit
,76E,25,31,.02,0,2,m,222610,622610,ff,P_tng_m_StpngDistTh4MtrOptimOFF
,76E,27,39,.0001,0,3,m,222611,622611,ff,P_tng_m_WheelRadius
,76E,27,31,1,0,0,mps2,222613,622613,1ff,P_tng_mps2_ComfortBraking
,76E,26,31,1,0,0,mps2,222614,622614,1ff,P_tng_mps2_EmergencyBraking
,76E,25,31,.02,0,2,mps2,222615,622615,1ff,P_tng_mps2_NoTrq4BrkCancel
,76E,25,31,.02,0,2,mps2,222616,622616,1ff,P_tng_mps2_VehicleAccelInit
,76E,27,31,1,0,0,mps3,222617,622617,1ff,P_tng_mps3_MinBrakingJerk
,76E,26,31,.01,0,2,mps3,222618,622618,ff,P_tng_mps3_TakeOffRamp
,76E,26,31,.01,0,2,mps3,222619,622619,ff,P_tng_mps3_TakeOffRamp_Init
,76E,27,31,.2,0,1,pct,222620,622620,1ff,P_tng_pct_SlopeTh4BrkCancel
,76E,25,31,.1,0,1,s,222621,622621,ff,P_tng_s_TempoBeforeRamp
,76E,24,31,1,0,0,cm,222622,622622,1ff,cfg.HFPB_Maneuver.FinalCrossLongPositionToCurb
,76E,33,39,1,0,0,cm,222622,622622,ff,cfg.HFPB_Maneuver.FinalCrossLongPositionToObstacle
,76E,40,47,1,0,0,cm,222622,622622,ff,cfg.HFPB_Maneuver.FinalParallelLongPositionToFrontObject
,76E,31,39,.01,0,2,m,222623,622623,ff,cfg.HFPB_maxCrossForwardMoveDistance
,76E,27,31,.5,0,1,m/s,222624,622624,ff,cfg.HFPB_DecelThresholdForStopInstr
,76E,25,31,1,0,0,m,222626,622626,ff,cfg.HFPB_CrossNearObstacleDistance
,76E,27,31,.1,0,1,m,222627,622627,ff,cfg.HFPB_CloseDetectionDistance
,76E,28,31,1,0,0,cm,222628,622628,ff,cfg.HFPB_StopDistThresholdFor100perc
,76E,25,31,1,0,0,cm,222629,622629,ff,P_tng_cm_DefaultSideWalkHeight
,76E,27,31,.01,0,2,mps,222630,622630,ff,P_tng_mps_CANSpeedMeasureMin
,76E,31,39,.01,0,2,mps,222631,622631,ff,P_tng_mps_DriveOffSpeedThd
,76E,25,39,.0001,0,3,mps,222632,622632,ff,P_tng_mps_ManeuverSpeedMax
,76E,27,31,.1,0,1,mps,222633,622633,ff,P_tng_mps_ManeuverSpeedMin
,76E,27,31,.1,0,1,mps2,222634,622634,1ff,P_tng_mps2_AccelMaxBrkAct
,76E,27,31,.1,0,1,mps2,222635,622635,1ff,P_tng_mps2_AccelMaxBrkCancel
,76E,27,31,.1,0,1,mps2,222636,622636,ff,P_tng_mps2_PWTLimitAccel
,76E,27,31,.1,0,1,mps2,222637,622637,1ff,P_tng_mps2_SideWalkInitialValue
,76E,24,31,.01,0,2,mps2,222638,622638,1ff,P_tng_mps2_TakeOffAccelMin
,76E,26,31,.5,0,1,mps2,222639,622639,1ff,P_tng_mps2_VhSpdGradientSdwk
,76E,31,39,10,0,0,Nm,22263A,62263A,ff,P_tng_Nm_BrakingRampSatMax
,76E,31,31,1,0,0,Nm,22263B,62263B,ff,P_tng_Nm_BrkWheelTrq4OrderOFF
,76E,28,31,1,0,0,Nm,22263C,62263C,ff,P_tng_Nm_BrkWheelTrq4OrderON
,76E,24,31,10,0,0,Nm,22263D,62263D,ff,P_tng_Nm_MaxPowerTrainTorque1
,76E,24,31,10,0,0,Nm,22263E,62263E,ff,P_tng_Nm_MaxPowerTrainTorque2
,76E,24,31,10,0,0,Nmps,22263F,62263F,1ff,P_tng_Nmps_BrkgRqRLLowerLim
,76E,29,39,10,0,0,Nmps,222640,622640,ff,P_tng_Nmps_BrkgRqRLUpperLim
,76E,24,31,10,0,0,Nmps,222641,622641,ff,P_tng_Nmps_ComfortRamp
,76E,24,31,10,0,0,Nmps,222642,622642,ff,P_tng_Nmps_EmergencyRamp
,76E,27,31,.5,0,1,pct,222643,622643,ff,P_tng_pct_IsUpHillTh
,76E,25,31,.1,0,1,s,222644,622644,ff,P_tng_s_TempoBefore2ndTest
,76E,25,33,1,0,0,s,222645,622645,ff,P_tng_s_TempoVehBlockedOnsdwk
,76E,24,31,1,0,0,x,222646,622646,ff,P_tng_x_BrkgRampAct
,76E,31,31,1,0,0,x,222647,622647,ff,P_tng_x_BrkWheelTrqOrderChoice
,76E,31,31,1,0,0,x,222648,622648,ff,P_tng_x_HFPB_AccelLimitChoice
,76E,25,31,1,0,0,x,222649,622649,ff,P_tng_x_NumberWheelTops
,76E,31,39,2,0,0,x,22264A,62264A,ff,P_tng_x_Rapidity_Coeff
,76E,31,31,1,0,0,x,22264B,62264B,ff,P_tng_x_SideWalkStratAct
,76E,31,31,1,0,0,x,22264C,62264C,ff,P_tng_x_VmaxChoice
,76E,24,31,.0001,0,3,s,22264D,62264D,ff,P_tng_s_Epsilon
,76E,31,31,1,0,0,,223043,623043,ff,cfg.iBoosterPresence,0:vehicle without iBooster;1:vehicle with iBooster
,76E,31,31,1,0,0,,223050,623050,ff,cfg.TJPPresence,0:TJP not present;1:TJP present
,76E,30,31,1,0,0,,223051,623051,ff,cfg.IDMPresence,0:IDM Absent;1:IDM Present
,76E,31,31,1,0,0,,223052,623052,ff,cfg.AVMPresence,0:AVM Absent;1:AVM Present
,76E,30,31,1,0,0,,223053,623053,ff,cfg.IVIPresence,0:IVI and METER absent;1:IVI present and METER absent;2:IVI absent and METER present;3:IVI and METER present
,76E,24,103,1,0,0,,22F012,62F012,2ff,Operational reference
,76E,24,47,1,0,0,km,22F0D0,62F0D0,ff,Mileage
,76E,24,31,1,0,0,,22F0D1,62F0D1,ff,DTCOccurrenceCounter
,76E,24,271,1,0,0,,22F180,62F180,2ff,BootVersion
,76E,24,103,1,0,0,,22F187,62F187,2ff,vehicleManufacturerSparePartNumber
,76E,24,103,1,0,0,,22F188,62F188,2ff,vehicleManufacturerECUSoftwareNumber
,76E,24,535,1,0,0,,22F18A,62F18A,2ff,systemSupplierIdentifier
,76E,24,183,1,0,0,,22F18C,62F18C,2ff,ECUSerialNumber
,76E,24,159,1,0,0,,22F190,62F190,2ff,VIN
,76E,24,103,1,0,0,,22F191,62F191,2ff,vehicleManufacturerECUHardwareNumber
,76E,24,71,1,0,0,,22F192,62F192,2ff,systemSupplierECUHardwareNumber
,76E,24,279,1,0,0,,22F194,62F194,2ff,systemSupplierECUSoftwareNumber
,76E,24,279,1,0,0,,22F195,62F195,2ff,systemSupplierECUSoftwareVersionNumber
,76E,24,31,1,0,0,,22F1A0,62F1A0,4ff,diagnosticVersion
,76E,24,103,1,0,0,,22F1A1,62F1A1,2ff,VehicleManufacturerSparePartNumber_N
,76E,24,103,1,0,0,,22F1A2,62F1A2,2ff,ConfigurationDataReferenceAfterConfigurationProcess
,76E,0,0,1,0,0,,3E00,7E00,ff,TesterPresent.WithResponse
